{"cameraMode":{"drawMode":0,"name":"Shaded","section":"Shading Mode"},"sceneLighting":true,"audioPlay":false,"sceneViewState":{"showFog":true,"showMaterialUpdate":false,"showSkybox":true,"showFlares":true,"showImageEffects":true,"showParticleSystems":true},"in2DMode":false,"pivot":{"x":358.77191162109377,"y":194.02011108398438,"z":-32.5},"rotation":{"x":-0.06353675574064255,"y":0.9355436563491821,"z":-0.22330869734287263,"w":-0.2661849856376648},"size":516.1597900390625,"orthographic":false}